{
    "frames": {
        "redpot": {
            "frame": {
                "x": 1,
                "y": 1,
                "w": 17,
                "h": 17
            },
            "offset": {
                "x": 0,
                "y": 0,
                "w": 17,
                "h": 17
            },
            "sourceSize": {
                "w": 17,
                "h": 17
            }
        }
    },
    "meta": {
        "image": "advertice.png",
        "format": "RGBA8888",
        "size": {
            "w": 32,
            "h": 32
        },
        "scale": "1",
        "type": "frame"
    }
}