{
    "frames": {
        "armor_type_1": {
            "frame": {
                "x": 1,
                "y": 1,
                "w": 54,
                "h": 54
            },
            "offset": {
                "x": 0,
                "y": 0,
                "w": 54,
                "h": 54
            },
            "sourceSize": {
                "w": 54,
                "h": 54
            }
        },
        "armor_type_2": {
            "frame": {
                "x": 56,
                "y": 1,
                "w": 70,
                "h": 70
            },
            "offset": {
                "x": 0,
                "y": 0,
                "w": 70,
                "h": 70
            },
            "sourceSize": {
                "w": 70,
                "h": 70
            }
        },
        "armor_type_3": {
            "frame": {
                "x": 127,
                "y": 1,
                "w": 60,
                "h": 60
            },
            "offset": {
                "x": 0,
                "y": 0,
                "w": 60,
                "h": 60
            },
            "sourceSize": {
                "w": 60,
                "h": 60
            }
        },
        "armor_type_4": {
            "frame": {
                "x": 188,
                "y": 1,
                "w": 54,
                "h": 54
            },
            "offset": {
                "x": 0,
                "y": 0,
                "w": 54,
                "h": 54
            },
            "sourceSize": {
                "w": 54,
                "h": 54
            }
        }
    },
    "meta": {
        "image": "armor_type.png",
        "format": "RGBA8888",
        "size": {
            "w": 243,
            "h": 72
        },
        "scale": "1",
        "type": "frame"
    }
}