{
    "frames": {
        "Armor_frame": {
            "frame": {
                "x": 1,
                "y": 1,
                "w": 53,
                "h": 154
            },
            "offset": {
                "x": 0,
                "y": 0,
                "w": 53,
                "h": 154
            },
            "sourceSize": {
                "w": 53,
                "h": 154
            }
        },
        "Armor_img": {
            "frame": {
                "x": 1,
                "y": 156,
                "w": 38,
                "h": 32
            },
            "offset": {
                "x": 0,
                "y": 0,
                "w": 38,
                "h": 32
            },
            "sourceSize": {
                "w": 38,
                "h": 32
            }
        }
    },
    "meta": {
        "image": "armor.png",
        "format": "RGBA8888",
        "size": {
            "w": 64,
            "h": 256
        },
        "scale": "1",
        "type": "frame"
    }
}