{
    "frames": {
        "bg": {
            "frame": {
                "x": 293,
                "y": 52,
                "w": 95,
                "h": 103
            },
            "offset": {
                "x": 0,
                "y": 0,
                "w": 95,
                "h": 103
            },
            "sourceSize": {
                "w": 95,
                "h": 103
            }
        },
        "bg2": {
            "frame": {
                "x": 131,
                "y": 52,
                "w": 161,
                "h": 83
            },
            "offset": {
                "x": 0,
                "y": 0,
                "w": 161,
                "h": 83
            },
            "sourceSize": {
                "w": 161,
                "h": 83
            }
        },
        "blockenter": {
            "frame": {
                "x": 56,
                "y": 52,
                "w": 74,
                "h": 74
            },
            "offset": {
                "x": 0,
                "y": 0,
                "w": 74,
                "h": 74
            },
            "sourceSize": {
                "w": 74,
                "h": 74
            }
        },
        "button": {
            "frame": {
                "x": 123,
                "y": 1,
                "w": 162,
                "h": 48
            },
            "offset": {
                "x": 0,
                "y": 0,
                "w": 162,
                "h": 48
            },
            "sourceSize": {
                "w": 162,
                "h": 48
            }
        },
        "cha": {
            "frame": {
                "x": 37,
                "y": 1,
                "w": 35,
                "h": 31
            },
            "offset": {
                "x": 0,
                "y": 0,
                "w": 35,
                "h": 31
            },
            "sourceSize": {
                "w": 35,
                "h": 31
            }
        },
        "gou": {
            "frame": {
                "x": 1,
                "y": 1,
                "w": 35,
                "h": 31
            },
            "offset": {
                "x": 0,
                "y": 0,
                "w": 35,
                "h": 31
            },
            "sourceSize": {
                "w": 35,
                "h": 31
            }
        },
        "heart": {
            "frame": {
                "x": 73,
                "y": 1,
                "w": 49,
                "h": 46
            },
            "offset": {
                "x": 0,
                "y": 0,
                "w": 49,
                "h": 46
            },
            "sourceSize": {
                "w": 49,
                "h": 46
            }
        },
        "left_time": {
            "frame": {
                "x": 286,
                "y": 1,
                "w": 54,
                "h": 50
            },
            "offset": {
                "x": 0,
                "y": 0,
                "w": 54,
                "h": 50
            },
            "sourceSize": {
                "w": 54,
                "h": 50
            }
        },
        "question": {
            "frame": {
                "x": 1,
                "y": 52,
                "w": 54,
                "h": 50
            },
            "offset": {
                "x": 0,
                "y": 0,
                "w": 54,
                "h": 50
            },
            "sourceSize": {
                "w": 54,
                "h": 50
            }
        },
        "star1normal": {
            "frame": {
                "x": 110,
                "y": 156,
                "w": 108,
                "h": 108
            },
            "offset": {
                "x": 0,
                "y": 0,
                "w": 108,
                "h": 108
            },
            "sourceSize": {
                "w": 108,
                "h": 108
            }
        },
        "star1press": {
            "frame": {
                "x": 219,
                "y": 265,
                "w": 108,
                "h": 108
            },
            "offset": {
                "x": 0,
                "y": 0,
                "w": 108,
                "h": 108
            },
            "sourceSize": {
                "w": 108,
                "h": 108
            }
        },
        "star2normal": {
            "frame": {
                "x": 1,
                "y": 374,
                "w": 108,
                "h": 108
            },
            "offset": {
                "x": 0,
                "y": 0,
                "w": 108,
                "h": 108
            },
            "sourceSize": {
                "w": 108,
                "h": 108
            }
        },
        "star2press": {
            "frame": {
                "x": 328,
                "y": 374,
                "w": 108,
                "h": 108
            },
            "offset": {
                "x": 0,
                "y": 0,
                "w": 108,
                "h": 108
            },
            "sourceSize": {
                "w": 108,
                "h": 108
            }
        },
        "star3normal": {
            "frame": {
                "x": 110,
                "y": 374,
                "w": 108,
                "h": 108
            },
            "offset": {
                "x": 0,
                "y": 0,
                "w": 108,
                "h": 108
            },
            "sourceSize": {
                "w": 108,
                "h": 108
            }
        },
        "star3press": {
            "frame": {
                "x": 219,
                "y": 374,
                "w": 108,
                "h": 108
            },
            "offset": {
                "x": 0,
                "y": 0,
                "w": 108,
                "h": 108
            },
            "sourceSize": {
                "w": 108,
                "h": 108
            }
        },
        "star4normal": {
            "frame": {
                "x": 328,
                "y": 265,
                "w": 108,
                "h": 108
            },
            "offset": {
                "x": 0,
                "y": 0,
                "w": 108,
                "h": 108
            },
            "sourceSize": {
                "w": 108,
                "h": 108
            }
        },
        "star4press": {
            "frame": {
                "x": 110,
                "y": 265,
                "w": 108,
                "h": 108
            },
            "offset": {
                "x": 0,
                "y": 0,
                "w": 108,
                "h": 108
            },
            "sourceSize": {
                "w": 108,
                "h": 108
            }
        },
        "star5normal": {
            "frame": {
                "x": 1,
                "y": 156,
                "w": 108,
                "h": 108
            },
            "offset": {
                "x": 0,
                "y": 0,
                "w": 108,
                "h": 108
            },
            "sourceSize": {
                "w": 108,
                "h": 108
            }
        },
        "star5press": {
            "frame": {
                "x": 219,
                "y": 156,
                "w": 108,
                "h": 108
            },
            "offset": {
                "x": 0,
                "y": 0,
                "w": 108,
                "h": 108
            },
            "sourceSize": {
                "w": 108,
                "h": 108
            }
        },
        "star6normal": {
            "frame": {
                "x": 1,
                "y": 265,
                "w": 108,
                "h": 108
            },
            "offset": {
                "x": 0,
                "y": 0,
                "w": 108,
                "h": 108
            },
            "sourceSize": {
                "w": 108,
                "h": 108
            }
        },
        "star6press": {
            "frame": {
                "x": 328,
                "y": 156,
                "w": 108,
                "h": 108
            },
            "offset": {
                "x": 0,
                "y": 0,
                "w": 108,
                "h": 108
            },
            "sourceSize": {
                "w": 108,
                "h": 108
            }
        },
        "title": {
            "frame": {
                "x": 341,
                "y": 1,
                "w": 54,
                "h": 50
            },
            "offset": {
                "x": 0,
                "y": 0,
                "w": 54,
                "h": 50
            },
            "sourceSize": {
                "w": 54,
                "h": 50
            }
        }
    },
    "meta": {
        "image": "buildwar.png",
        "format": "RGBA8888",
        "size": {
            "w": 437,
            "h": 483
        },
        "scale": "1",
        "type": "frame"
    }
}