{
    "frames": {
        "btn_defense": {
            "frame": {
                "x": 1,
                "y": 1,
                "w": 64,
                "h": 64
            },
            "offset": {
                "x": 0,
                "y": 0,
                "w": 64,
                "h": 64
            },
            "sourceSize": {
                "w": 64,
                "h": 64
            }
        },
        "btn_poison": {
            "frame": {
                "x": 66,
                "y": 1,
                "w": 64,
                "h": 64
            },
            "offset": {
                "x": 0,
                "y": 0,
                "w": 64,
                "h": 64
            },
            "sourceSize": {
                "w": 64,
                "h": 64
            }
        },
        "btn_prone": {
            "frame": {
                "x": 1,
                "y": 66,
                "w": 64,
                "h": 64
            },
            "offset": {
                "x": 0,
                "y": 0,
                "w": 64,
                "h": 64
            },
            "sourceSize": {
                "w": 64,
                "h": 64
            }
        },
        "btn_sprint": {
            "frame": {
                "x": 66,
                "y": 66,
                "w": 64,
                "h": 64
            },
            "offset": {
                "x": 0,
                "y": 0,
                "w": 64,
                "h": 64
            },
            "sourceSize": {
                "w": 64,
                "h": 64
            }
        },
        "chichen_air_drop_location_icon": {
            "frame": {
                "x": 131,
                "y": 66,
                "w": 16,
                "h": 21
            },
            "offset": {
                "x": 0,
                "y": 0,
                "w": 16,
                "h": 21
            },
            "sourceSize": {
                "w": 16,
                "h": 21
            }
        },
        "chichen_btn_parachuting_icon": {
            "frame": {
                "x": 1,
                "y": 131,
                "w": 64,
                "h": 64
            },
            "offset": {
                "x": 0,
                "y": 0,
                "w": 64,
                "h": 64
            },
            "sourceSize": {
                "w": 64,
                "h": 64
            }
        },
        "chichen_palyer_location_icon": {
            "frame": {
                "x": 66,
                "y": 131,
                "w": 27,
                "h": 27
            },
            "offset": {
                "x": 0,
                "y": 0,
                "w": 27,
                "h": 27
            },
            "sourceSize": {
                "w": 27,
                "h": 27
            }
        },
        "chicken_kill": {
            "frame": {
                "x": 1,
                "y": 196,
                "w": 146,
                "h": 43
            },
            "offset": {
                "x": 0,
                "y": 0,
                "w": 146,
                "h": 43
            },
            "sourceSize": {
                "w": 146,
                "h": 43
            }
        },
        "chicken_left": {
            "frame": {
                "x": 1,
                "y": 240,
                "w": 146,
                "h": 43
            },
            "offset": {
                "x": 0,
                "y": 0,
                "w": 146,
                "h": 43
            },
            "sourceSize": {
                "w": 146,
                "h": 43
            }
        },
        "chicken_next_poison_circle": {
            "frame": {
                "x": 1,
                "y": 284,
                "w": 10,
                "h": 10
            },
            "offset": {
                "x": 0,
                "y": 0,
                "w": 10,
                "h": 10
            },
            "sourceSize": {
                "w": 10,
                "h": 10
            }
        },
        "chicken_plane_icon": {
            "frame": {
                "x": 12,
                "y": 284,
                "w": 88,
                "h": 89
            },
            "offset": {
                "x": 0,
                "y": 0,
                "w": 88,
                "h": 89
            },
            "sourceSize": {
                "w": 88,
                "h": 89
            }
        },
        "chicken_poison_circle": {
            "frame": {
                "x": 101,
                "y": 284,
                "w": 10,
                "h": 10
            },
            "offset": {
                "x": 0,
                "y": 0,
                "w": 10,
                "h": 10
            },
            "sourceSize": {
                "w": 10,
                "h": 10
            }
        }
    },
    "meta": {
        "image": "chicken_icon.png",
        "format": "RGBA8888",
        "size": {
            "w": 148,
            "h": 374
        },
        "scale": "1",
        "type": "frame"
    }
}