{
    "frames": {
        "add": {
            "frame": {
                "x": 1,
                "y": 1,
                "w": 62,
                "h": 62
            },
            "offset": {
                "x": 0,
                "y": 0,
                "w": 62,
                "h": 62
            },
            "sourceSize": {
                "w": 62,
                "h": 62
            }
        },
        "bg": {
            "frame": {
                "x": 1,
                "y": 64,
                "w": 473,
                "h": 525
            },
            "offset": {
                "x": 0,
                "y": 0,
                "w": 473,
                "h": 525
            },
            "sourceSize": {
                "w": 473,
                "h": 525
            }
        },
        "book": {
            "frame": {
                "x": 1,
                "y": 590,
                "w": 334,
                "h": 157
            },
            "offset": {
                "x": 0,
                "y": 0,
                "w": 334,
                "h": 157
            },
            "sourceSize": {
                "w": 334,
                "h": 157
            }
        },
        "consume_bedwar_bg": {
            "frame": {
                "x": 336,
                "y": 590,
                "w": 73,
                "h": 73
            },
            "offset": {
                "x": 0,
                "y": 0,
                "w": 73,
                "h": 73
            },
            "sourceSize": {
                "w": 73,
                "h": 73
            }
        },
        "consume_bg": {
            "frame": {
                "x": 410,
                "y": 590,
                "w": 73,
                "h": 73
            },
            "offset": {
                "x": 0,
                "y": 0,
                "w": 73,
                "h": 73
            },
            "sourceSize": {
                "w": 73,
                "h": 73
            }
        },
        "effect": {
            "frame": {
                "x": 1,
                "y": 748,
                "w": 421,
                "h": 48
            },
            "offset": {
                "x": 0,
                "y": 0,
                "w": 421,
                "h": 48
            },
            "sourceSize": {
                "w": 421,
                "h": 48
            }
        },
        "equip_bg": {
            "frame": {
                "x": 423,
                "y": 748,
                "w": 73,
                "h": 73
            },
            "offset": {
                "x": 0,
                "y": 0,
                "w": 73,
                "h": 73
            },
            "sourceSize": {
                "w": 73,
                "h": 73
            }
        }
    },
    "meta": {
        "image": "enchantment.png",
        "format": "RGBA8888",
        "size": {
            "w": 512,
            "h": 1024
        },
        "scale": "1",
        "type": "frame"
    }
}