{
    "frames": {
        "skill_01": {
            "frame": {
                "x": 1,
                "y": 1,
                "w": 100,
                "h": 100
            },
            "offset": {
                "x": 0,
                "y": 0,
                "w": 100,
                "h": 100
            },
            "sourceSize": {
                "w": 100,
                "h": 100
            }
        },
        "skill_02": {
            "frame": {
                "x": 102,
                "y": 1,
                "w": 100,
                "h": 100
            },
            "offset": {
                "x": 0,
                "y": 0,
                "w": 100,
                "h": 100
            },
            "sourceSize": {
                "w": 100,
                "h": 100
            }
        },
        "skill_03": {
            "frame": {
                "x": 203,
                "y": 1,
                "w": 100,
                "h": 100
            },
            "offset": {
                "x": 0,
                "y": 0,
                "w": 100,
                "h": 100
            },
            "sourceSize": {
                "w": 100,
                "h": 100
            }
        }
    },
    "meta": {
        "image": "flagwar.png",
        "format": "RGBA8888",
        "size": {
            "w": 304,
            "h": 102
        },
        "scale": "1",
        "type": "frame"
    }
}