{
    "frames": {
        "baidian": {
            "frame": {
                "x": 3,
                "y": 1,
                "w": 1,
                "h": 1
            },
            "offset": {
                "x": 0,
                "y": 0,
                "w": 1,
                "h": 1
            },
            "sourceSize": {
                "w": 1,
                "h": 1
            }
        },
        "biaotilan": {
            "frame": {
                "x": 74,
                "y": 332,
                "w": 72,
                "h": 72
            },
            "offset": {
                "x": 0,
                "y": 0,
                "w": 72,
                "h": 72
            },
            "sourceSize": {
                "w": 72,
                "h": 72
            }
        },
        "breakBlockProgressNor": {
            "frame": {
                "x": 62,
                "y": 259,
                "w": 60,
                "h": 60
            },
            "offset": {
                "x": 0,
                "y": 0,
                "w": 60,
                "h": 60
            },
            "sourceSize": {
                "w": 60,
                "h": 60
            }
        },
        "breakBlockProgressPre": {
            "frame": {
                "x": 1,
                "y": 259,
                "w": 60,
                "h": 60
            },
            "offset": {
                "x": 0,
                "y": 0,
                "w": 60,
                "h": 60
            },
            "sourceSize": {
                "w": 60,
                "h": 60
            }
        },
        "btn_bg_blue": {
            "frame": {
                "x": 123,
                "y": 259,
                "w": 72,
                "h": 72
            },
            "offset": {
                "x": 0,
                "y": 0,
                "w": 72,
                "h": 72
            },
            "sourceSize": {
                "w": 72,
                "h": 72
            }
        },
        "btn_bg_green": {
            "frame": {
                "x": 147,
                "y": 332,
                "w": 72,
                "h": 72
            },
            "offset": {
                "x": 0,
                "y": 0,
                "w": 72,
                "h": 72
            },
            "sourceSize": {
                "w": 72,
                "h": 72
            }
        },
        "btn_bg_red": {
            "frame": {
                "x": 1,
                "y": 332,
                "w": 72,
                "h": 72
            },
            "offset": {
                "x": 0,
                "y": 0,
                "w": 72,
                "h": 72
            },
            "sourceSize": {
                "w": 72,
                "h": 72
            }
        },
        "btn_bg_yellow": {
            "frame": {
                "x": 1,
                "y": 405,
                "w": 72,
                "h": 72
            },
            "offset": {
                "x": 0,
                "y": 0,
                "w": 72,
                "h": 72
            },
            "sourceSize": {
                "w": 72,
                "h": 72
            }
        },
        "chat_icon": {
            "frame": {
                "x": 99,
                "y": 148,
                "w": 53,
                "h": 53
            },
            "offset": {
                "x": 0,
                "y": 0,
                "w": 53,
                "h": 53
            },
            "sourceSize": {
                "w": 53,
                "h": 53
            }
        },
        "diaochuanxia": {
            "frame": {
                "x": 128,
                "y": 99,
                "w": 48,
                "h": 48
            },
            "offset": {
                "x": 0,
                "y": 0,
                "w": 48,
                "h": 48
            },
            "sourceSize": {
                "w": 48,
                "h": 48
            }
        },
        "diaochucaidananniu": {
            "frame": {
                "x": 177,
                "y": 99,
                "w": 48,
                "h": 48
            },
            "offset": {
                "x": 0,
                "y": 0,
                "w": 48,
                "h": 48
            },
            "sourceSize": {
                "w": 48,
                "h": 48
            }
        },
        "guanbianniu": {
            "frame": {
                "x": 111,
                "y": 202,
                "w": 56,
                "h": 56
            },
            "offset": {
                "x": 0,
                "y": 0,
                "w": 56,
                "h": 56
            },
            "sourceSize": {
                "w": 56,
                "h": 56
            }
        },
        "gui_bg": {
            "frame": {
                "x": 1,
                "y": 148,
                "w": 48,
                "h": 48
            },
            "offset": {
                "x": 0,
                "y": 0,
                "w": 48,
                "h": 48
            },
            "sourceSize": {
                "w": 48,
                "h": 48
            }
        },
        "gui_meng_layer": {
            "frame": {
                "x": 5,
                "y": 1,
                "w": 8,
                "h": 8
            },
            "offset": {
                "x": 0,
                "y": 0,
                "w": 8,
                "h": 8
            },
            "sourceSize": {
                "w": 8,
                "h": 8
            }
        },
        "huadongkuang": {
            "frame": {
                "x": 142,
                "y": 29,
                "w": 28,
                "h": 28
            },
            "offset": {
                "x": 0,
                "y": 0,
                "w": 28,
                "h": 28
            },
            "sourceSize": {
                "w": 28,
                "h": 28
            }
        },
        "huadongniu": {
            "frame": {
                "x": 38,
                "y": 99,
                "w": 43,
                "h": 43
            },
            "offset": {
                "x": 0,
                "y": 0,
                "w": 43,
                "h": 43
            },
            "sourceSize": {
                "w": 43,
                "h": 43
            }
        },
        "huadongtiao": {
            "frame": {
                "x": 171,
                "y": 29,
                "w": 28,
                "h": 28
            },
            "offset": {
                "x": 0,
                "y": 0,
                "w": 28,
                "h": 28
            },
            "sourceSize": {
                "w": 28,
                "h": 28
            }
        },
        "jiangdi": {
            "frame": {
                "x": 88,
                "y": 1,
                "w": 26,
                "h": 26
            },
            "offset": {
                "x": 0,
                "y": 0,
                "w": 26,
                "h": 26
            },
            "sourceSize": {
                "w": 26,
                "h": 26
            }
        },
        "jianpan": {
            "frame": {
                "x": 113,
                "y": 29,
                "w": 28,
                "h": 18
            },
            "offset": {
                "x": 0,
                "y": 0,
                "w": 28,
                "h": 18
            },
            "sourceSize": {
                "w": 28,
                "h": 18
            }
        },
        "jiantou_xia": {
            "frame": {
                "x": 168,
                "y": 202,
                "w": 57,
                "h": 45
            },
            "offset": {
                "x": 0,
                "y": 0,
                "w": 57,
                "h": 45
            },
            "sourceSize": {
                "w": 57,
                "h": 45
            }
        },
        "jiemianditu_jiao": {
            "frame": {
                "x": 50,
                "y": 148,
                "w": 48,
                "h": 48
            },
            "offset": {
                "x": 0,
                "y": 0,
                "w": 48,
                "h": 48
            },
            "sourceSize": {
                "w": 48,
                "h": 48
            }
        },
        "juesedikuang": {
            "frame": {
                "x": 82,
                "y": 99,
                "w": 45,
                "h": 45
            },
            "offset": {
                "x": 0,
                "y": 0,
                "w": 45,
                "h": 45
            },
            "sourceSize": {
                "w": 45,
                "h": 45
            }
        },
        "liaotiananniu": {
            "frame": {
                "x": 169,
                "y": 1,
                "w": 27,
                "h": 27
            },
            "offset": {
                "x": 0,
                "y": 0,
                "w": 27,
                "h": 27
            },
            "sourceSize": {
                "w": 27,
                "h": 27
            }
        },
        "liaotiananxia": {
            "frame": {
                "x": 225,
                "y": 1,
                "w": 27,
                "h": 27
            },
            "offset": {
                "x": 0,
                "y": 0,
                "w": 27,
                "h": 27
            },
            "sourceSize": {
                "w": 27,
                "h": 27
            }
        },
        "luodi": {
            "frame": {
                "x": 1,
                "y": 99,
                "w": 36,
                "h": 36
            },
            "offset": {
                "x": 0,
                "y": 0,
                "w": 36,
                "h": 36
            },
            "sourceSize": {
                "w": 36,
                "h": 36
            }
        },
        "menu_icon": {
            "frame": {
                "x": 153,
                "y": 148,
                "w": 53,
                "h": 53
            },
            "offset": {
                "x": 0,
                "y": 0,
                "w": 53,
                "h": 53
            },
            "sourceSize": {
                "w": 53,
                "h": 53
            }
        },
        "qifei": {
            "frame": {
                "x": 174,
                "y": 62,
                "w": 36,
                "h": 36
            },
            "offset": {
                "x": 0,
                "y": 0,
                "w": 36,
                "h": 36
            },
            "sourceSize": {
                "w": 36,
                "h": 36
            }
        },
        "shang": {
            "frame": {
                "x": 69,
                "y": 62,
                "w": 34,
                "h": 34
            },
            "offset": {
                "x": 0,
                "y": 0,
                "w": 34,
                "h": 34
            },
            "sourceSize": {
                "w": 34,
                "h": 34
            }
        },
        "shenggao": {
            "frame": {
                "x": 61,
                "y": 1,
                "w": 26,
                "h": 26
            },
            "offset": {
                "x": 0,
                "y": 0,
                "w": 26,
                "h": 26
            },
            "sourceSize": {
                "w": 26,
                "h": 26
            }
        },
        "shurulan": {
            "frame": {
                "x": 211,
                "y": 62,
                "w": 36,
                "h": 36
            },
            "offset": {
                "x": 0,
                "y": 0,
                "w": 36,
                "h": 36
            },
            "sourceSize": {
                "w": 36,
                "h": 36
            }
        },
        "switchClose": {
            "frame": {
                "x": 163,
                "y": 405,
                "w": 88,
                "h": 43
            },
            "offset": {
                "x": 0,
                "y": 0,
                "w": 88,
                "h": 43
            },
            "sourceSize": {
                "w": 88,
                "h": 43
            }
        },
        "switchOpen": {
            "frame": {
                "x": 74,
                "y": 405,
                "w": 88,
                "h": 43
            },
            "offset": {
                "x": 0,
                "y": 0,
                "w": 88,
                "h": 43
            },
            "sourceSize": {
                "w": 88,
                "h": 43
            }
        },
        "weixuan": {
            "frame": {
                "x": 1,
                "y": 202,
                "w": 54,
                "h": 54
            },
            "offset": {
                "x": 0,
                "y": 0,
                "w": 54,
                "h": 54
            },
            "sourceSize": {
                "w": 54,
                "h": 54
            }
        },
        "white_pixel": {
            "frame": {
                "x": 1,
                "y": 1,
                "w": 1,
                "h": 1
            },
            "offset": {
                "x": 0,
                "y": 0,
                "w": 1,
                "h": 1
            },
            "sourceSize": {
                "w": 1,
                "h": 1
            }
        },
        "wupindikuang": {
            "frame": {
                "x": 36,
                "y": 1,
                "w": 24,
                "h": 24
            },
            "offset": {
                "x": 0,
                "y": 0,
                "w": 24,
                "h": 24
            },
            "sourceSize": {
                "w": 24,
                "h": 24
            }
        },
        "wupinkuang": {
            "frame": {
                "x": 85,
                "y": 29,
                "w": 27,
                "h": 27
            },
            "offset": {
                "x": 0,
                "y": 0,
                "w": 27,
                "h": 27
            },
            "sourceSize": {
                "w": 27,
                "h": 27
            }
        },
        "wupinkuang_fumo_layer": {
            "frame": {
                "x": 1,
                "y": 29,
                "w": 27,
                "h": 27
            },
            "offset": {
                "x": 0,
                "y": 0,
                "w": 27,
                "h": 27
            },
            "sourceSize": {
                "w": 27,
                "h": 27
            }
        },
        "wupinkuang_jinshu": {
            "frame": {
                "x": 14,
                "y": 1,
                "w": 21,
                "h": 21
            },
            "offset": {
                "x": 0,
                "y": 0,
                "w": 21,
                "h": 21
            },
            "sourceSize": {
                "w": 21,
                "h": 21
            }
        },
        "wupinkuang_shixin": {
            "frame": {
                "x": 29,
                "y": 29,
                "w": 27,
                "h": 27
            },
            "offset": {
                "x": 0,
                "y": 0,
                "w": 27,
                "h": 27
            },
            "sourceSize": {
                "w": 27,
                "h": 27
            }
        },
        "wupinkuang_shixin_xuanzhong": {
            "frame": {
                "x": 197,
                "y": 1,
                "w": 27,
                "h": 27
            },
            "offset": {
                "x": 0,
                "y": 0,
                "w": 27,
                "h": 27
            },
            "sourceSize": {
                "w": 27,
                "h": 27
            }
        },
        "wupinkuang_xuanzhong": {
            "frame": {
                "x": 57,
                "y": 29,
                "w": 27,
                "h": 27
            },
            "offset": {
                "x": 0,
                "y": 0,
                "w": 27,
                "h": 27
            },
            "sourceSize": {
                "w": 27,
                "h": 27
            }
        },
        "xia": {
            "frame": {
                "x": 34,
                "y": 62,
                "w": 34,
                "h": 34
            },
            "offset": {
                "x": 0,
                "y": 0,
                "w": 34,
                "h": 34
            },
            "sourceSize": {
                "w": 34,
                "h": 34
            }
        },
        "xuanzhong": {
            "frame": {
                "x": 56,
                "y": 202,
                "w": 54,
                "h": 54
            },
            "offset": {
                "x": 0,
                "y": 0,
                "w": 54,
                "h": 54
            },
            "sourceSize": {
                "w": 54,
                "h": 54
            }
        },
        "you": {
            "frame": {
                "x": 139,
                "y": 62,
                "w": 34,
                "h": 34
            },
            "offset": {
                "x": 0,
                "y": 0,
                "w": 34,
                "h": 34
            },
            "sourceSize": {
                "w": 34,
                "h": 34
            }
        },
        "youxieshang": {
            "frame": {
                "x": 115,
                "y": 1,
                "w": 26,
                "h": 26
            },
            "offset": {
                "x": 0,
                "y": 0,
                "w": 26,
                "h": 26
            },
            "sourceSize": {
                "w": 26,
                "h": 26
            }
        },
        "zhonganniu": {
            "frame": {
                "x": 1,
                "y": 62,
                "w": 32,
                "h": 32
            },
            "offset": {
                "x": 0,
                "y": 0,
                "w": 32,
                "h": 32
            },
            "sourceSize": {
                "w": 32,
                "h": 32
            }
        },
        "zhonganxia": {
            "frame": {
                "x": 200,
                "y": 29,
                "w": 32,
                "h": 32
            },
            "offset": {
                "x": 0,
                "y": 0,
                "w": 32,
                "h": 32
            },
            "sourceSize": {
                "w": 32,
                "h": 32
            }
        },
        "zuo": {
            "frame": {
                "x": 104,
                "y": 62,
                "w": 34,
                "h": 34
            },
            "offset": {
                "x": 0,
                "y": 0,
                "w": 34,
                "h": 34
            },
            "sourceSize": {
                "w": 34,
                "h": 34
            }
        },
        "zuoxieshang": {
            "frame": {
                "x": 142,
                "y": 1,
                "w": 26,
                "h": 26
            },
            "offset": {
                "x": 0,
                "y": 0,
                "w": 26,
                "h": 26
            },
            "sourceSize": {
                "w": 26,
                "h": 26
            }
        }
    },
    "meta": {
        "image": "gui_material.png",
        "format": "RGBA8888",
        "size": {
            "w": 256,
            "h": 512
        },
        "scale": "1",
        "type": "frame"
    }
}