{
    "frames": {
        "icon_armor": {
            "frame": {
                "x": 1,
                "y": 1,
                "w": 64,
                "h": 64
            },
            "offset": {
                "x": 0,
                "y": 0,
                "w": 64,
                "h": 64
            },
            "sourceSize": {
                "w": 64,
                "h": 64
            }
        },
        "icon_bookrack": {
            "frame": {
                "x": 66,
                "y": 1,
                "w": 64,
                "h": 64
            },
            "offset": {
                "x": 0,
                "y": 0,
                "w": 64,
                "h": 64
            },
            "sourceSize": {
                "w": 64,
                "h": 64
            }
        },
        "icon_brick": {
            "frame": {
                "x": 131,
                "y": 1,
                "w": 64,
                "h": 64
            },
            "offset": {
                "x": 0,
                "y": 0,
                "w": 64,
                "h": 64
            },
            "sourceSize": {
                "w": 64,
                "h": 64
            }
        },
        "icon_chest": {
            "frame": {
                "x": 1,
                "y": 66,
                "w": 64,
                "h": 64
            },
            "offset": {
                "x": 0,
                "y": 0,
                "w": 64,
                "h": 64
            },
            "sourceSize": {
                "w": 64,
                "h": 64
            }
        },
        "icon_crafting": {
            "frame": {
                "x": 66,
                "y": 66,
                "w": 64,
                "h": 64
            },
            "offset": {
                "x": 0,
                "y": 0,
                "w": 64,
                "h": 64
            },
            "sourceSize": {
                "w": 64,
                "h": 64
            }
        },
        "icon_seed": {
            "frame": {
                "x": 131,
                "y": 66,
                "w": 64,
                "h": 64
            },
            "offset": {
                "x": 0,
                "y": 0,
                "w": 64,
                "h": 64
            },
            "sourceSize": {
                "w": 64,
                "h": 64
            }
        },
        "icon_sword": {
            "frame": {
                "x": 1,
                "y": 131,
                "w": 64,
                "h": 64
            },
            "offset": {
                "x": 0,
                "y": 0,
                "w": 64,
                "h": 64
            },
            "sourceSize": {
                "w": 64,
                "h": 64
            }
        }
    },
    "meta": {
        "image": "gui_inventory_icon.png",
        "format": "RGBA8888",
        "size": {
            "w": 256,
            "h": 256
        },
        "scale": "1",
        "type": "frame"
    }
}