{
    "frames": {
        "kuang": {
            "frame": {
                "x": 1,
                "y": 1,
                "w": 46,
                "h": 46
            },
            "offset": {
                "x": 0,
                "y": 0,
                "w": 46,
                "h": 46
            },
            "sourceSize": {
                "w": 46,
                "h": 46
            }
        }
    },
    "meta": {
        "image": "guide.png",
        "format": "RGBA8888",
        "size": {
            "w": 64,
            "h": 64
        },
        "scale": "1",
        "type": "frame"
    }
}