{
    "frames": {
        "EffectBackground": {
            "frame": {
                "x": 1,
                "y": 1,
                "w": 120,
                "h": 32
            },
            "offset": {
                "x": 0,
                "y": 0,
                "w": 120,
                "h": 32
            },
            "sourceSize": {
                "w": 120,
                "h": 32
            }
        },
        "EffectHeal": {
            "frame": {
                "x": 1,
                "y": 34,
                "w": 32,
                "h": 32
            },
            "offset": {
                "x": 0,
                "y": 0,
                "w": 32,
                "h": 32
            },
            "sourceSize": {
                "w": 32,
                "h": 32
            }
        },
        "EffectInvisibility": {
            "frame": {
                "x": 34,
                "y": 34,
                "w": 32,
                "h": 32
            },
            "offset": {
                "x": 0,
                "y": 0,
                "w": 32,
                "h": 32
            },
            "sourceSize": {
                "w": 32,
                "h": 32
            }
        },
        "EffectJump": {
            "frame": {
                "x": 67,
                "y": 34,
                "w": 32,
                "h": 32
            },
            "offset": {
                "x": 0,
                "y": 0,
                "w": 32,
                "h": 32
            },
            "sourceSize": {
                "w": 32,
                "h": 32
            }
        },
        "EffectMoveSpeed": {
            "frame": {
                "x": 1,
                "y": 67,
                "w": 32,
                "h": 32
            },
            "offset": {
                "x": 0,
                "y": 0,
                "w": 32,
                "h": 32
            },
            "sourceSize": {
                "w": 32,
                "h": 32
            }
        },
        "EffectNightVision": {
            "frame": {
                "x": 34,
                "y": 67,
                "w": 32,
                "h": 32
            },
            "offset": {
                "x": 0,
                "y": 0,
                "w": 32,
                "h": 32
            },
            "sourceSize": {
                "w": 32,
                "h": 32
            }
        },
        "EffectToxication": {
            "frame": {
                "x": 67,
                "y": 67,
                "w": 32,
                "h": 32
            },
            "offset": {
                "x": 0,
                "y": 0,
                "w": 32,
                "h": 32
            },
            "sourceSize": {
                "w": 32,
                "h": 32
            }
        }
    },
    "meta": {
        "image": "inventory.png",
        "format": "RGBA8888",
        "size": {
            "w": 128,
            "h": 128
        },
        "scale": "1",
        "type": "frame"
    }
}