{
    "frames": {
        "itemduration_backpack_black": {
            "frame": {
                "x": 1,
                "y": 1,
                "w": 76,
                "h": 11
            },
            "offset": {
                "x": 0,
                "y": 0,
                "w": 76,
                "h": 11
            },
            "sourceSize": {
                "w": 76,
                "h": 11
            }
        },
        "itemduration_grid_green": {
            "frame": {
                "x": 78,
                "y": 1,
                "w": 6,
                "h": 6
            },
            "offset": {
                "x": 0,
                "y": 0,
                "w": 6,
                "h": 6
            },
            "sourceSize": {
                "w": 6,
                "h": 6
            }
        },
        "itemduration_grid_red": {
            "frame": {
                "x": 85,
                "y": 1,
                "w": 6,
                "h": 6
            },
            "offset": {
                "x": 0,
                "y": 0,
                "w": 6,
                "h": 6
            },
            "sourceSize": {
                "w": 6,
                "h": 6
            }
        },
        "itemduration_grid_yellow": {
            "frame": {
                "x": 92,
                "y": 1,
                "w": 6,
                "h": 6
            },
            "offset": {
                "x": 0,
                "y": 0,
                "w": 6,
                "h": 6
            },
            "sourceSize": {
                "w": 6,
                "h": 6
            }
        }
    },
    "meta": {
        "image": "item_duration_progress.png",
        "format": "RGBA8888",
        "size": {
            "w": 99,
            "h": 13
        },
        "scale": "1",
        "type": "frame"
    }
}