{
    "frames": {
        "jail_break_bandit_actor_bg": {
            "frame": {
                "x": 12,
                "y": 1,
                "w": 7,
                "h": 6
            },
            "offset": {
                "x": 0,
                "y": 0,
                "w": 7,
                "h": 6
            },
            "sourceSize": {
                "w": 7,
                "h": 6
            }
        },
        "jail_break_bandit_bottom_bg": {
            "frame": {
                "x": 1,
                "y": 35,
                "w": 201,
                "h": 33
            },
            "offset": {
                "x": 0,
                "y": 0,
                "w": 201,
                "h": 33
            },
            "sourceSize": {
                "w": 201,
                "h": 33
            }
        },
        "jail_break_bandit_title_bg": {
            "frame": {
                "x": 77,
                "y": 1,
                "w": 28,
                "h": 32
            },
            "offset": {
                "x": 0,
                "y": 0,
                "w": 28,
                "h": 32
            },
            "sourceSize": {
                "w": 28,
                "h": 32
            }
        },
        "jail_break_bandit_title_name_bg": {
            "frame": {
                "x": 1,
                "y": 135,
                "w": 153,
                "h": 52
            },
            "offset": {
                "x": 0,
                "y": 0,
                "w": 153,
                "h": 52
            },
            "sourceSize": {
                "w": 153,
                "h": 52
            }
        },
        "jail_break_btn_nor": {
            "frame": {
                "x": 39,
                "y": 1,
                "w": 18,
                "h": 18
            },
            "offset": {
                "x": 0,
                "y": 0,
                "w": 18,
                "h": 18
            },
            "sourceSize": {
                "w": 18,
                "h": 18
            }
        },
        "jail_break_btn_pre": {
            "frame": {
                "x": 58,
                "y": 1,
                "w": 18,
                "h": 18
            },
            "offset": {
                "x": 0,
                "y": 0,
                "w": 18,
                "h": 18
            },
            "sourceSize": {
                "w": 18,
                "h": 18
            }
        },
        "jail_break_content_bg": {
            "frame": {
                "x": 285,
                "y": 135,
                "w": 4,
                "h": 371
            },
            "offset": {
                "x": 0,
                "y": 0,
                "w": 4,
                "h": 371
            },
            "sourceSize": {
                "w": 4,
                "h": 371
            }
        },
        "jail_break_currency": {
            "frame": {
                "x": 203,
                "y": 35,
                "w": 36,
                "h": 36
            },
            "offset": {
                "x": 0,
                "y": 0,
                "w": 36,
                "h": 36
            },
            "sourceSize": {
                "w": 36,
                "h": 36
            }
        },
        "jail_break_escaped_prisoner": {
            "frame": {
                "x": 1,
                "y": 82,
                "w": 36,
                "h": 46
            },
            "offset": {
                "x": 0,
                "y": 0,
                "w": 36,
                "h": 46
            },
            "sourceSize": {
                "w": 36,
                "h": 46
            }
        },
        "jail_break_line": {
            "frame": {
                "x": 1,
                "y": 1,
                "w": 2,
                "h": 2
            },
            "offset": {
                "x": 0,
                "y": 0,
                "w": 2,
                "h": 2
            },
            "sourceSize": {
                "w": 2,
                "h": 2
            }
        },
        "jail_break_lock": {
            "frame": {
                "x": 155,
                "y": 135,
                "w": 64,
                "h": 64
            },
            "offset": {
                "x": 0,
                "y": 0,
                "w": 64,
                "h": 64
            },
            "sourceSize": {
                "w": 64,
                "h": 64
            }
        },
        "jail_break_police": {
            "frame": {
                "x": 277,
                "y": 35,
                "w": 36,
                "h": 46
            },
            "offset": {
                "x": 0,
                "y": 0,
                "w": 36,
                "h": 46
            },
            "sourceSize": {
                "w": 36,
                "h": 46
            }
        },
        "jail_break_police_actor_bg": {
            "frame": {
                "x": 4,
                "y": 1,
                "w": 7,
                "h": 6
            },
            "offset": {
                "x": 0,
                "y": 0,
                "w": 7,
                "h": 6
            },
            "sourceSize": {
                "w": 7,
                "h": 6
            }
        },
        "jail_break_police_bottom_bg": {
            "frame": {
                "x": 135,
                "y": 1,
                "w": 201,
                "h": 33
            },
            "offset": {
                "x": 0,
                "y": 0,
                "w": 201,
                "h": 33
            },
            "sourceSize": {
                "w": 201,
                "h": 33
            }
        },
        "jail_break_police_title_bg": {
            "frame": {
                "x": 106,
                "y": 1,
                "w": 28,
                "h": 32
            },
            "offset": {
                "x": 0,
                "y": 0,
                "w": 28,
                "h": 32
            },
            "sourceSize": {
                "w": 28,
                "h": 32
            }
        },
        "jail_break_police_title_name_bg": {
            "frame": {
                "x": 38,
                "y": 82,
                "w": 153,
                "h": 52
            },
            "offset": {
                "x": 0,
                "y": 0,
                "w": 153,
                "h": 52
            },
            "sourceSize": {
                "w": 153,
                "h": 52
            }
        },
        "jail_break_prisoner": {
            "frame": {
                "x": 240,
                "y": 35,
                "w": 36,
                "h": 46
            },
            "offset": {
                "x": 0,
                "y": 0,
                "w": 36,
                "h": 46
            },
            "sourceSize": {
                "w": 36,
                "h": 46
            }
        },
        "jail_break_unknown": {
            "frame": {
                "x": 20,
                "y": 1,
                "w": 18,
                "h": 16
            },
            "offset": {
                "x": 0,
                "y": 0,
                "w": 18,
                "h": 16
            },
            "sourceSize": {
                "w": 18,
                "h": 16
            }
        },
        "jail_break_unlock": {
            "frame": {
                "x": 220,
                "y": 135,
                "w": 64,
                "h": 64
            },
            "offset": {
                "x": 0,
                "y": 0,
                "w": 64,
                "h": 64
            },
            "sourceSize": {
                "w": 64,
                "h": 64
            }
        }
    },
    "meta": {
        "image": "jail_break.png",
        "format": "RGBA8888",
        "size": {
            "w": 337,
            "h": 507
        },
        "scale": "1",
        "type": "frame"
    }
}