{
    "frames": {
        "back_move_": {
            "frame": {
                "x": 1,
                "y": 1,
                "w": 22,
                "h": 22
            },
            "offset": {
                "x": 0,
                "y": 0,
                "w": 22,
                "h": 22
            },
            "sourceSize": {
                "w": 22,
                "h": 22
            }
        },
        "camera": {
            "frame": {
                "x": 24,
                "y": 1,
                "w": 40,
                "h": 40
            },
            "offset": {
                "x": 0,
                "y": 0,
                "w": 40,
                "h": 40
            },
            "sourceSize": {
                "w": 40,
                "h": 40
            }
        },
        "cross_hair": {
            "frame": {
                "x": 1,
                "y": 42,
                "w": 11,
                "h": 11
            },
            "offset": {
                "x": 0,
                "y": 0,
                "w": 11,
                "h": 11
            },
            "sourceSize": {
                "w": 11,
                "h": 11
            }
        },
        "debug": {
            "frame": {
                "x": 24,
                "y": 1,
                "w": 40,
                "h": 40
            },
            "offset": {
                "x": 0,
                "y": 0,
                "w": 40,
                "h": 40
            },
            "sourceSize": {
                "w": 40,
                "h": 40
            }
        },
        "fly": {
            "frame": {
                "x": 24,
                "y": 1,
                "w": 40,
                "h": 40
            },
            "offset": {
                "x": 0,
                "y": 0,
                "w": 40,
                "h": 40
            },
            "sourceSize": {
                "w": 40,
                "h": 40
            }
        },
        "forward_move": {
            "frame": {
                "x": 1,
                "y": 1,
                "w": 22,
                "h": 22
            },
            "offset": {
                "x": 0,
                "y": 0,
                "w": 22,
                "h": 22
            },
            "sourceSize": {
                "w": 22,
                "h": 22
            }
        },
        "jump_move_": {
            "frame": {
                "x": 13,
                "y": 42,
                "w": 18,
                "h": 18
            },
            "offset": {
                "x": 0,
                "y": 0,
                "w": 18,
                "h": 18
            },
            "sourceSize": {
                "w": 18,
                "h": 18
            }
        },
        "left_move_": {
            "frame": {
                "x": 1,
                "y": 1,
                "w": 22,
                "h": 22
            },
            "offset": {
                "x": 0,
                "y": 0,
                "w": 22,
                "h": 22
            },
            "sourceSize": {
                "w": 22,
                "h": 22
            }
        },
        "right_move": {
            "frame": {
                "x": 1,
                "y": 1,
                "w": 22,
                "h": 22
            },
            "offset": {
                "x": 0,
                "y": 0,
                "w": 22,
                "h": 22
            },
            "sourceSize": {
                "w": 22,
                "h": 22
            }
        }
    },
    "meta": {
        "image": "MainControlImageSet.png",
        "format": "RGBA8888",
        "size": {
            "w": 65,
            "h": 61
        },
        "scale": "1",
        "type": "frame"
    }
}