{
    "frames": {
        "jump": {
            "frame": {
                "x": 1,
                "y": 1,
                "w": 115,
                "h": 115
            },
            "offset": {
                "x": 0,
                "y": 0,
                "w": 115,
                "h": 115
            },
            "sourceSize": {
                "w": 115,
                "h": 115
            }
        },
        "jump_circle": {
            "frame": {
                "x": 117,
                "y": 1,
                "w": 115,
                "h": 115
            },
            "offset": {
                "x": 0,
                "y": 0,
                "w": 115,
                "h": 115
            },
            "sourceSize": {
                "w": 115,
                "h": 115
            }
        },
        "run": {
            "frame": {
                "x": 233,
                "y": 1,
                "w": 60,
                "h": 60
            },
            "offset": {
                "x": 0,
                "y": 0,
                "w": 60,
                "h": 60
            },
            "sourceSize": {
                "w": 60,
                "h": 60
            }
        },
        "sneak": {
            "frame": {
                "x": 1,
                "y": 117,
                "w": 92,
                "h": 92
            },
            "offset": {
                "x": 0,
                "y": 0,
                "w": 92,
                "h": 92
            },
            "sourceSize": {
                "w": 92,
                "h": 92
            }
        },
        "sneak_circle": {
            "frame": {
                "x": 94,
                "y": 117,
                "w": 60,
                "h": 60
            },
            "offset": {
                "x": 0,
                "y": 0,
                "w": 60,
                "h": 60
            },
            "sourceSize": {
                "w": 60,
                "h": 60
            }
        },
        "sneak_pre": {
            "frame": {
                "x": 155,
                "y": 117,
                "w": 92,
                "h": 92
            },
            "offset": {
                "x": 0,
                "y": 0,
                "w": 92,
                "h": 92
            },
            "sourceSize": {
                "w": 92,
                "h": 92
            }
        },
        "sprint": {
            "frame": {
                "x": 248,
                "y": 117,
                "w": 60,
                "h": 60
            },
            "offset": {
                "x": 0,
                "y": 0,
                "w": 60,
                "h": 60
            },
            "sourceSize": {
                "w": 60,
                "h": 60
            }
        }
    },
    "meta": {
        "image": "move_state.png",
        "format": "RGBA8888",
        "size": {
            "w": 309,
            "h": 210
        },
        "scale": "1",
        "type": "frame"
    }
}