{
    "frames": {
        "check": {
            "frame": {
                "x": 1,
                "y": 1,
                "w": 23,
                "h": 23
            },
            "offset": {
                "x": 0,
                "y": 0,
                "w": 23,
                "h": 23
            },
            "sourceSize": {
                "w": 23,
                "h": 23
            }
        },
        "money_expand": {
            "frame": {
                "x": 25,
                "y": 1,
                "w": 47,
                "h": 46
            },
            "offset": {
                "x": 0,
                "y": 0,
                "w": 47,
                "h": 46
            },
            "sourceSize": {
                "w": 47,
                "h": 46
            }
        },
        "money_expand_bg": {
            "frame": {
                "x": 1,
                "y": 48,
                "w": 184,
                "h": 103
            },
            "offset": {
                "x": 0,
                "y": 0,
                "w": 184,
                "h": 103
            },
            "sourceSize": {
                "w": 184,
                "h": 103
            }
        },
        "money_num_bg": {
            "frame": {
                "x": 1,
                "y": 152,
                "w": 167,
                "h": 42
            },
            "offset": {
                "x": 0,
                "y": 0,
                "w": 167,
                "h": 42
            },
            "sourceSize": {
                "w": 167,
                "h": 42
            }
        },
        "money_unexpand": {
            "frame": {
                "x": 169,
                "y": 152,
                "w": 47,
                "h": 46
            },
            "offset": {
                "x": 0,
                "y": 0,
                "w": 47,
                "h": 46
            },
            "sourceSize": {
                "w": 47,
                "h": 46
            }
        },
        "uncheck": {
            "frame": {
                "x": 217,
                "y": 152,
                "w": 23,
                "h": 23
            },
            "offset": {
                "x": 0,
                "y": 0,
                "w": 23,
                "h": 23
            },
            "sourceSize": {
                "w": 23,
                "h": 23
            }
        }
    },
    "meta": {
        "image": "new_money.png",
        "format": "RGBA8888",
        "size": {
            "w": 256,
            "h": 256
        },
        "scale": "1",
        "type": "frame"
    }
}