{
    "frames": {
        "bg_notication": {
            "frame": {
                "x": 1,
                "y": 1,
                "w": 520,
                "h": 37
            },
            "offset": {
                "x": 0,
                "y": 0,
                "w": 520,
                "h": 37
            },
            "sourceSize": {
                "w": 520,
                "h": 37
            }
        },
        "ic_notification": {
            "frame": {
                "x": 522,
                "y": 1,
                "w": 38,
                "h": 38
            },
            "offset": {
                "x": 0,
                "y": 0,
                "w": 38,
                "h": 38
            },
            "sourceSize": {
                "w": 38,
                "h": 38
            }
        }
    },
    "meta": {
        "image": "notification.png",
        "format": "RGBA8888",
        "size": {
            "w": 561,
            "h": 40
        },
        "scale": "1",
        "type": "frame"
    }
}