{
    "frames": {
        "button": {
            "frame": {
                "x": 1,
                "y": 1,
                "w": 250,
                "h": 150
            },
            "offset": {
                "x": 0,
                "y": 0,
                "w": 250,
                "h": 150
            },
            "sourceSize": {
                "w": 250,
                "h": 150
            }
        },
        "frame": {
            "frame": {
                "x": 1,
                "y": 152,
                "w": 500,
                "h": 300
            },
            "offset": {
                "x": 0,
                "y": 0,
                "w": 500,
                "h": 300
            },
            "sourceSize": {
                "w": 500,
                "h": 300
            }
        },
        "itemFrame": {
            "frame": {
                "x": 252,
                "y": 1,
                "w": 250,
                "h": 150
            },
            "offset": {
                "x": 0,
                "y": 0,
                "w": 250,
                "h": 150
            },
            "sourceSize": {
                "w": 250,
                "h": 150
            }
        }
    },
    "meta": {
        "image": "Pack.png",
        "format": "RGBA8888",
        "size": {
            "w": 512,
            "h": 512
        },
        "scale": "1",
        "type": "frame"
    }
}