{
    "frames": {
        "randWeekBg": {
            "frame": {
                "x": 1,
                "y": 680,
                "w": 264,
                "h": 25
            },
            "offset": {
                "x": 0,
                "y": 0,
                "w": 264,
                "h": 25
            },
            "sourceSize": {
                "w": 264,
                "h": 25
            }
        },
        "rankDayBg": {
            "frame": {
                "x": 1,
                "y": 706,
                "w": 264,
                "h": 25
            },
            "offset": {
                "x": 0,
                "y": 0,
                "w": 264,
                "h": 25
            },
            "sourceSize": {
                "w": 264,
                "h": 25
            }
        },
        "rankLeft": {
            "frame": {
                "x": 292,
                "y": 1,
                "w": 103,
                "h": 678
            },
            "offset": {
                "x": 0,
                "y": 0,
                "w": 103,
                "h": 678
            },
            "sourceSize": {
                "w": 103,
                "h": 678
            }
        },
        "rankLeftBg": {
            "frame": {
                "x": 82,
                "y": 1,
                "w": 40,
                "h": 72
            },
            "offset": {
                "x": 0,
                "y": 0,
                "w": 40,
                "h": 72
            },
            "sourceSize": {
                "w": 40,
                "h": 72
            }
        },
        "rankMidBg": {
            "frame": {
                "x": 1,
                "y": 732,
                "w": 376,
                "h": 78
            },
            "offset": {
                "x": 0,
                "y": 0,
                "w": 376,
                "h": 78
            },
            "sourceSize": {
                "w": 376,
                "h": 78
            }
        },
        "rankRight": {
            "frame": {
                "x": 188,
                "y": 1,
                "w": 103,
                "h": 678
            },
            "offset": {
                "x": 0,
                "y": 0,
                "w": 103,
                "h": 678
            },
            "sourceSize": {
                "w": 103,
                "h": 678
            }
        },
        "rankRightBg": {
            "frame": {
                "x": 41,
                "y": 1,
                "w": 40,
                "h": 72
            },
            "offset": {
                "x": 0,
                "y": 0,
                "w": 40,
                "h": 72
            },
            "sourceSize": {
                "w": 40,
                "h": 72
            }
        },
        "sandBackHome": {
            "frame": {
                "x": 123,
                "y": 1,
                "w": 64,
                "h": 64
            },
            "offset": {
                "x": 0,
                "y": 0,
                "w": 64,
                "h": 64
            },
            "sourceSize": {
                "w": 64,
                "h": 64
            }
        },
        "sandBlock": {
            "frame": {
                "x": 1,
                "y": 1,
                "w": 39,
                "h": 45
            },
            "offset": {
                "x": 0,
                "y": 0,
                "w": 39,
                "h": 45
            },
            "sourceSize": {
                "w": 39,
                "h": 45
            }
        }
    },
    "meta": {
        "image": "sandDigger.png",
        "format": "RGBA8888",
        "size": {
            "w": 396,
            "h": 811
        },
        "scale": "1",
        "type": "frame"
    }
}