{
    "frames": {
        "Armor": {
            "frame": {
                "x": 1,
                "y": 1,
                "w": 30,
                "h": 30
            },
            "offset": {
                "x": 0,
                "y": 0,
                "w": 30,
                "h": 30
            },
            "sourceSize": {
                "w": 30,
                "h": 30
            }
        },
        "Block": {
            "frame": {
                "x": 32,
                "y": 1,
                "w": 30,
                "h": 30
            },
            "offset": {
                "x": 0,
                "y": 0,
                "w": 30,
                "h": 30
            },
            "sourceSize": {
                "w": 30,
                "h": 30
            }
        },
        "Food": {
            "frame": {
                "x": 63,
                "y": 1,
                "w": 30,
                "h": 30
            },
            "offset": {
                "x": 0,
                "y": 0,
                "w": 30,
                "h": 30
            },
            "sourceSize": {
                "w": 30,
                "h": 30
            }
        },
        "Other": {
            "frame": {
                "x": 94,
                "y": 1,
                "w": 30,
                "h": 30
            },
            "offset": {
                "x": 0,
                "y": 0,
                "w": 30,
                "h": 30
            },
            "sourceSize": {
                "w": 30,
                "h": 30
            }
        },
        "Tool": {
            "frame": {
                "x": 125,
                "y": 1,
                "w": 30,
                "h": 30
            },
            "offset": {
                "x": 0,
                "y": 0,
                "w": 30,
                "h": 30
            },
            "sourceSize": {
                "w": 30,
                "h": 30
            }
        },
        "Upgrade": {
            "frame": {
                "x": 156,
                "y": 1,
                "w": 30,
                "h": 30
            },
            "offset": {
                "x": 0,
                "y": 0,
                "w": 30,
                "h": 30
            },
            "sourceSize": {
                "w": 30,
                "h": 30
            }
        },
        "Weapon": {
            "frame": {
                "x": 187,
                "y": 1,
                "w": 30,
                "h": 30
            },
            "offset": {
                "x": 0,
                "y": 0,
                "w": 30,
                "h": 30
            },
            "sourceSize": {
                "w": 30,
                "h": 30
            }
        }
    },
    "meta": {
        "image": "shop_tab_icon.png",
        "format": "RGBA8888",
        "size": {
            "w": 218,
            "h": 32
        },
        "scale": "1",
        "type": "frame"
    }
}