{
    "frames": {
        "BigDogfallCN": {
            "frame": {
                "x": 347,
                "y": 119,
                "w": 172,
                "h": 117
            },
            "offset": {
                "x": 0,
                "y": 0,
                "w": 172,
                "h": 117
            },
            "sourceSize": {
                "w": 172,
                "h": 117
            }
        },
        "BigDogfallEN": {
            "frame": {
                "x": 674,
                "y": 1,
                "w": 172,
                "h": 117
            },
            "offset": {
                "x": 0,
                "y": 0,
                "w": 172,
                "h": 117
            },
            "sourceSize": {
                "w": 172,
                "h": 117
            }
        },
        "BigLoseCN": {
            "frame": {
                "x": 1,
                "y": 119,
                "w": 172,
                "h": 117
            },
            "offset": {
                "x": 0,
                "y": 0,
                "w": 172,
                "h": 117
            },
            "sourceSize": {
                "w": 172,
                "h": 117
            }
        },
        "BigLoseEN": {
            "frame": {
                "x": 501,
                "y": 1,
                "w": 172,
                "h": 117
            },
            "offset": {
                "x": 0,
                "y": 0,
                "w": 172,
                "h": 117
            },
            "sourceSize": {
                "w": 172,
                "h": 117
            }
        },
        "BigWinCN": {
            "frame": {
                "x": 174,
                "y": 119,
                "w": 172,
                "h": 117
            },
            "offset": {
                "x": 0,
                "y": 0,
                "w": 172,
                "h": 117
            },
            "sourceSize": {
                "w": 172,
                "h": 117
            }
        },
        "BigWinEN": {
            "frame": {
                "x": 520,
                "y": 119,
                "w": 172,
                "h": 117
            },
            "offset": {
                "x": 0,
                "y": 0,
                "w": 172,
                "h": 117
            },
            "sourceSize": {
                "w": 172,
                "h": 117
            }
        },
        "DeadSummary": {
            "frame": {
                "x": 1,
                "y": 841,
                "w": 960,
                "h": 543
            },
            "offset": {
                "x": 0,
                "y": 0,
                "w": 960,
                "h": 543
            },
            "sourceSize": {
                "w": 960,
                "h": 543
            }
        },
        "FinalSummary": {
            "frame": {
                "x": 1,
                "y": 237,
                "w": 960,
                "h": 603
            },
            "offset": {
                "x": 0,
                "y": 0,
                "w": 960,
                "h": 603
            },
            "sourceSize": {
                "w": 960,
                "h": 603
            }
        },
        "MVP": {
            "frame": {
                "x": 335,
                "y": 1,
                "w": 63,
                "h": 32
            },
            "offset": {
                "x": 0,
                "y": 0,
                "w": 63,
                "h": 32
            },
            "sourceSize": {
                "w": 63,
                "h": 32
            }
        },
        "Max": {
            "frame": {
                "x": 43,
                "y": 1,
                "w": 51,
                "h": 18
            },
            "offset": {
                "x": 0,
                "y": 0,
                "w": 51,
                "h": 18
            },
            "sourceSize": {
                "w": 51,
                "h": 18
            }
        },
        "SmallDogfall": {
            "frame": {
                "x": 399,
                "y": 1,
                "w": 101,
                "h": 20
            },
            "offset": {
                "x": 0,
                "y": 0,
                "w": 101,
                "h": 20
            },
            "sourceSize": {
                "w": 101,
                "h": 20
            }
        },
        "SmallLose": {
            "frame": {
                "x": 151,
                "y": 1,
                "w": 55,
                "h": 20
            },
            "offset": {
                "x": 0,
                "y": 0,
                "w": 55,
                "h": 20
            },
            "sourceSize": {
                "w": 55,
                "h": 20
            }
        },
        "SmallWin": {
            "frame": {
                "x": 95,
                "y": 1,
                "w": 55,
                "h": 20
            },
            "offset": {
                "x": 0,
                "y": 0,
                "w": 55,
                "h": 20
            },
            "sourceSize": {
                "w": 55,
                "h": 20
            }
        },
        "Tip": {
            "frame": {
                "x": 1,
                "y": 1,
                "w": 10,
                "h": 25
            },
            "offset": {
                "x": 0,
                "y": 0,
                "w": 10,
                "h": 25
            },
            "sourceSize": {
                "w": 10,
                "h": 25
            }
        },
        "VIP": {
            "frame": {
                "x": 207,
                "y": 1,
                "w": 63,
                "h": 32
            },
            "offset": {
                "x": 0,
                "y": 0,
                "w": 63,
                "h": 32
            },
            "sourceSize": {
                "w": 63,
                "h": 32
            }
        },
        "VIPPlus": {
            "frame": {
                "x": 271,
                "y": 1,
                "w": 63,
                "h": 32
            },
            "offset": {
                "x": 0,
                "y": 0,
                "w": 63,
                "h": 32
            },
            "sourceSize": {
                "w": 63,
                "h": 32
            }
        },
        "coin": {
            "frame": {
                "x": 12,
                "y": 1,
                "w": 30,
                "h": 30
            },
            "offset": {
                "x": 0,
                "y": 0,
                "w": 30,
                "h": 30
            },
            "sourceSize": {
                "w": 30,
                "h": 30
            }
        }
    },
    "meta": {
        "image": "summary.png",
        "format": "RGBA8888",
        "size": {
            "w": 962,
            "h": 1385
        },
        "scale": "1",
        "type": "frame"
    }
}