{
    "frames": {
        "Civilian": {
            "frame": {
                "x": 1,
                "y": 1,
                "w": 34,
                "h": 40
            },
            "offset": {
                "x": 0,
                "y": 0,
                "w": 34,
                "h": 40
            },
            "sourceSize": {
                "w": 34,
                "h": 40
            }
        },
        "Criminal": {
            "frame": {
                "x": 1,
                "y": 42,
                "w": 36,
                "h": 46
            },
            "offset": {
                "x": 0,
                "y": 0,
                "w": 36,
                "h": 46
            },
            "sourceSize": {
                "w": 36,
                "h": 46
            }
        },
        "Murderer": {
            "frame": {
                "x": 1,
                "y": 89,
                "w": 34,
                "h": 40
            },
            "offset": {
                "x": 0,
                "y": 0,
                "w": 34,
                "h": 40
            },
            "sourceSize": {
                "w": 34,
                "h": 40
            }
        },
        "Police": {
            "frame": {
                "x": 1,
                "y": 130,
                "w": 36,
                "h": 46
            },
            "offset": {
                "x": 0,
                "y": 0,
                "w": 36,
                "h": 46
            },
            "sourceSize": {
                "w": 36,
                "h": 46
            }
        },
        "Prisoner": {
            "frame": {
                "x": 1,
                "y": 177,
                "w": 36,
                "h": 46
            },
            "offset": {
                "x": 0,
                "y": 0,
                "w": 36,
                "h": 46
            },
            "sourceSize": {
                "w": 36,
                "h": 46
            }
        },
        "Sheriff": {
            "frame": {
                "x": 1,
                "y": 224,
                "w": 34,
                "h": 40
            },
            "offset": {
                "x": 0,
                "y": 0,
                "w": 34,
                "h": 40
            },
            "sourceSize": {
                "w": 34,
                "h": 40
            }
        },
        "Soilder": {
            "frame": {
                "x": 1,
                "y": 265,
                "w": 28,
                "h": 42
            },
            "offset": {
                "x": 0,
                "y": 0,
                "w": 28,
                "h": 42
            },
            "sourceSize": {
                "w": 28,
                "h": 42
            }
        },
        "Zombie": {
            "frame": {
                "x": 30,
                "y": 265,
                "w": 26,
                "h": 38
            },
            "offset": {
                "x": 0,
                "y": 0,
                "w": 26,
                "h": 38
            },
            "sourceSize": {
                "w": 26,
                "h": 38
            }
        },
        "blueEgg": {
            "frame": {
                "x": 1,
                "y": 308,
                "w": 38,
                "h": 38
            },
            "offset": {
                "x": 0,
                "y": 0,
                "w": 38,
                "h": 38
            },
            "sourceSize": {
                "w": 38,
                "h": 38
            }
        },
        "brokenEgg": {
            "frame": {
                "x": 1,
                "y": 347,
                "w": 38,
                "h": 38
            },
            "offset": {
                "x": 0,
                "y": 0,
                "w": 38,
                "h": 38
            },
            "sourceSize": {
                "w": 38,
                "h": 38
            }
        },
        "greenEgg": {
            "frame": {
                "x": 1,
                "y": 386,
                "w": 38,
                "h": 38
            },
            "offset": {
                "x": 0,
                "y": 0,
                "w": 38,
                "h": 38
            },
            "sourceSize": {
                "w": 38,
                "h": 38
            }
        },
        "redEgg": {
            "frame": {
                "x": 1,
                "y": 425,
                "w": 38,
                "h": 38
            },
            "offset": {
                "x": 0,
                "y": 0,
                "w": 38,
                "h": 38
            },
            "sourceSize": {
                "w": 38,
                "h": 38
            }
        },
        "yellowEgg": {
            "frame": {
                "x": 1,
                "y": 464,
                "w": 38,
                "h": 38
            },
            "offset": {
                "x": 0,
                "y": 0,
                "w": 38,
                "h": 38
            },
            "sourceSize": {
                "w": 38,
                "h": 38
            }
        }
    },
    "meta": {
        "image": "teamInfo.png",
        "format": "RGBA8888",
        "size": {
            "w": 57,
            "h": 503
        },
        "scale": "1",
        "type": "frame"
    }
}