{
    "frames": {
        "add": {
            "frame": {
                "x": 1,
                "y": 1,
                "w": 44,
                "h": 31
            },
            "offset": {
                "x": 0,
                "y": 0,
                "w": 44,
                "h": 31
            },
            "sourceSize": {
                "w": 44,
                "h": 31
            }
        },
        "boy": {
            "frame": {
                "x": 46,
                "y": 1,
                "w": 31,
                "h": 31
            },
            "offset": {
                "x": 0,
                "y": 0,
                "w": 31,
                "h": 31
            },
            "sourceSize": {
                "w": 31,
                "h": 31
            }
        },
        "cancel": {
            "frame": {
                "x": 78,
                "y": 1,
                "w": 107,
                "h": 38
            },
            "offset": {
                "x": 0,
                "y": 0,
                "w": 107,
                "h": 38
            },
            "sourceSize": {
                "w": 107,
                "h": 38
            }
        },
        "girl": {
            "frame": {
                "x": 186,
                "y": 1,
                "w": 31,
                "h": 31
            },
            "offset": {
                "x": 0,
                "y": 0,
                "w": 31,
                "h": 31
            },
            "sourceSize": {
                "w": 31,
                "h": 31
            }
        },
        "icon_close": {
            "frame": {
                "x": 218,
                "y": 1,
                "w": 24,
                "h": 26
            },
            "offset": {
                "x": 0,
                "y": 0,
                "w": 24,
                "h": 26
            },
            "sourceSize": {
                "w": 24,
                "h": 26
            }
        },
        "icon_sure": {
            "frame": {
                "x": 243,
                "y": 1,
                "w": 34,
                "h": 32
            },
            "offset": {
                "x": 0,
                "y": 0,
                "w": 34,
                "h": 32
            },
            "sourceSize": {
                "w": 34,
                "h": 32
            }
        },
        "me": {
            "frame": {
                "x": 278,
                "y": 1,
                "w": 42,
                "h": 42
            },
            "offset": {
                "x": 0,
                "y": 0,
                "w": 42,
                "h": 42
            },
            "sourceSize": {
                "w": 42,
                "h": 42
            }
        },
        "me_china": {
            "frame": {
                "x": 321,
                "y": 1,
                "w": 42,
                "h": 42
            },
            "offset": {
                "x": 0,
                "y": 0,
                "w": 42,
                "h": 42
            },
            "sourceSize": {
                "w": 42,
                "h": 42
            }
        },
        "pic": {
            "frame": {
                "x": 364,
                "y": 1,
                "w": 110,
                "h": 110
            },
            "offset": {
                "x": 0,
                "y": 0,
                "w": 110,
                "h": 110
            },
            "sourceSize": {
                "w": 110,
                "h": 110
            }
        },
        "pic_nor": {
            "frame": {
                "x": 1,
                "y": 112,
                "w": 64,
                "h": 64
            },
            "offset": {
                "x": 0,
                "y": 0,
                "w": 64,
                "h": 64
            },
            "sourceSize": {
                "w": 64,
                "h": 64
            }
        },
        "sure": {
            "frame": {
                "x": 66,
                "y": 112,
                "w": 107,
                "h": 38
            },
            "offset": {
                "x": 0,
                "y": 0,
                "w": 107,
                "h": 38
            },
            "sourceSize": {
                "w": 107,
                "h": 38
            }
        },
        "tip": {
            "frame": {
                "x": 1,
                "y": 177,
                "w": 365,
                "h": 116
            },
            "offset": {
                "x": 0,
                "y": 0,
                "w": 365,
                "h": 116
            },
            "sourceSize": {
                "w": 365,
                "h": 116
            }
        },
        "vip_1": {
            "frame": {
                "x": 367,
                "y": 177,
                "w": 128,
                "h": 36
            },
            "offset": {
                "x": 0,
                "y": 0,
                "w": 128,
                "h": 36
            },
            "sourceSize": {
                "w": 128,
                "h": 36
            }
        },
        "vip_2": {
            "frame": {
                "x": 1,
                "y": 294,
                "w": 128,
                "h": 36
            },
            "offset": {
                "x": 0,
                "y": 0,
                "w": 128,
                "h": 36
            },
            "sourceSize": {
                "w": 128,
                "h": 36
            }
        },
        "vip_3": {
            "frame": {
                "x": 130,
                "y": 294,
                "w": 128,
                "h": 36
            },
            "offset": {
                "x": 0,
                "y": 0,
                "w": 128,
                "h": 36
            },
            "sourceSize": {
                "w": 128,
                "h": 36
            }
        },
        "vip_4": {
            "frame": {
                "x": 259,
                "y": 294,
                "w": 128,
                "h": 36
            },
            "offset": {
                "x": 0,
                "y": 0,
                "w": 128,
                "h": 36
            },
            "sourceSize": {
                "w": 128,
                "h": 36
            }
        },
        "visiti": {
            "frame": {
                "x": 388,
                "y": 294,
                "w": 45,
                "h": 38
            },
            "offset": {
                "x": 0,
                "y": 0,
                "w": 45,
                "h": 38
            },
            "sourceSize": {
                "w": 45,
                "h": 38
            }
        }
    },
    "meta": {
        "image": "user_item.png",
        "format": "RGBA8888",
        "size": {
            "w": 512,
            "h": 512
        },
        "scale": "1",
        "type": "frame"
    }
}